,Avg. monthly return,Avg yearly return
KPI,605.5670103092782,6132.499999999997
