,Avg. monthly return,Avg yearly return
KPI,380.61855670103085,3134.999999999999
