,Avg. monthly return,Avg yearly return
KPI,538.5567010309277,6292.499999999998
